Country or territory,Population(1 July 2022),Population(1 July 2023),Change(%),UN continentalregion[1],UN statisticalsubregion[1],,Country / dependency,Totalin km2 (mi2),Landin km2 (mi2),Waterin km2 (mi2),%water,
India,"1,425,423,212","1,438,069,596",+0.89%,Asia,Southern Asia,7,India,"3,287,263 (1,269,219)","2,973,190 (1,147,960)","314,070 (121,260)",9.6,[j]
Indonesia,"278,830,529","281,190,067",+0.85%,Asia,South-eastern Asia,14,Indonesia,"1,904,569 (735,358)","1,811,569 (699,450)","93,000 (36,000)",4.9,[r]
Pakistan,"243,700,667","247,504,495",+1.56%,Asia,Southern Asia,33,Pakistan,"882,363 (340,682)","857,143 (330,945)","25,220 (9,737)",2.9,[x]
Nigeria,"223,150,896","227,882,945",+2.12%,Africa,Western Africa,31,Nigeria,"923,768 (356,669)","910,770 (351,650)","13,000 (5,000)",1.4,
Brazil,"210,306,415","211,140,729",+0.40%,Americas,South America,5,Brazil,"8,510,346 (3,285,862)","8,460,415 (3,266,583)","55,352 (21,372)",0.6,[h]
Bangladesh,"169,384,897","171,466,990",+1.23%,Asia,Southern Asia,92,Bangladesh,"148,460 (57,321)","130,170 (50,259)","18,290 (7,062)",12.3,[az]
Russia,"145,579,899","145,440,500",−0.10%,Europe,Eastern Europe,1,Russia,"17,098,246 (6,601,667)","16,376,870 (6,323,142)","721,380 (278,530)",4.2,[b]
Mexico,"128,613,117","129,739,759",+0.88%,Americas,Central America,13,Mexico,"1,964,375 (758,449)","1,943,950 (750,563)","20,425 (7,886)",1.0,
Ethiopia,"125,384,287","128,691,692",+2.64%,Africa,Eastern Africa,26,Ethiopia,"1,104,300 (426,370)","1,096,570 (423,388)","7,730 (2,990)",0.7,[u]
Japan,"124,997,578","124,370,947",−0.50%,Asia,Eastern Asia,62,Japan,"377,915 (145,914)","364,485 (140,728)","13,430 (5,185)",3.6,[al]
Philippines,"113,964,338","114,891,199",+0.81%,Asia,South-eastern Asia,72,Philippines,"300,000 (100,000)","298,170 (115,120)","1,830 (707)",0.6,[ap]
Egypt,"112,618,250","114,535,772",+1.70%,Africa,Northern Africa,29,Egypt,"1,001,450 (386,662)","995,450 (384,350)","6,000 (2,000)",0.6,[v]
Vietnam,"99,680,655","100,352,192",+0.67%,Asia,South-eastern Asia,66,Vietnam,"331,340 (127,930)","313,429 (121,016)","17,801 (6,873)",5.4,
Iran,"89,524,246","90,608,707",+1.21%,Asia,Southern Asia,17,Iran,"1,648,195 (636,371)","1,531,595 (591,352)","116,600 (45,020)",7.1,[s]
Turkey,"87,058,473","87,270,501",+0.24%,Asia,Western Asia,36,Turkey,"783,562 (302,535)","769,632 (297,156)","13,930 (5,378)",1.8,[y]
Germany,"84,086,227","84,548,231",+0.55%,Europe,Western Europe,63,Germany,"357,581 (138,063)","349,390 (134,900)","7,860 (3,040)",2.2,[am]
Thailand,"71,735,329","71,702,435",−0.05%,Asia,South-eastern Asia,49,Thailand,"513,120 (198,120)","510,890 (197,260)","2,230 (861)",0.4,
United Kingdom,"68,179,315","68,682,962",+0.74%,Europe,Northern Europe,78,United Kingdom,"244,376 (94,354)","242,741 (93,723)","1,635 (631)",0.7,[at]
South Africa,"62,378,410","63,212,384",+1.34%,Africa,Southern Africa,24,South Africa,"1,219,090 (470,693)","1,214,470 (468,909)","4,620 (1,780)",0.4,[q]
Italy,"59,619,115","59,499,453",−0.20%,Europe,Southern Europe,71,Italy,"302,068 (116,629)","295,717 (114,177)","6,350 (2,450)",2.1,
Kenya,"54,252,461","55,339,003",+2.00%,Africa,Eastern Africa,48,Kenya,"580,367 (224,081)","569,140 (219,750)","11,227 (4,335)",1.9,[ae]
Myanmar,"53,756,787","54,133,798",+0.70%,Asia,South-eastern Asia,39,Myanmar,"676,578 (261,228)","653,508 (252,321)","23,070 (8,907)",3.4,
Colombia,"51,737,944","52,321,152",+1.13%,Americas,South America,25,Colombia,"1,138,910 (439,735)","1,038,700 (401,040)","100,210 (38,691)",8.8,[q]
South Korea,"51,782,512","51,748,739",−0.07%,Asia,Eastern Asia,107,South Korea,"100,432 (38,777)","97,600 (37,700)","2,800 (1,100)",2.8,[bh]
Sudan,"49,383,346","50,042,791",+1.34%,Africa,Northern Africa,15,Sudan,"1,861,484 (718,723)","1,731,671 (668,602)","129,813 (50,121)",7.0,[q]
Uganda,"47,312,719","48,656,601",+2.84%,Africa,Eastern Africa,79,Uganda,"241,550 (93,263)","200,520 (77,421)","41,030 (15,840)",17.0,
Algeria,"45,477,389","46,164,219",+1.51%,Africa,Northern Africa,10,Algeria,"2,381,741 (919,595)","2,381,741 (919,595)",0,0,[m]
Argentina,"45,407,904","45,538,401",+0.29%,Americas,South America,8,Argentina,"2,780,400 (1,073,500)","2,736,690 (1,056,640)","43,710 (16,880)",1.6,[k]
Iraq,"44,070,551","45,074,049",+2.28%,Asia,Western Asia,58,Iraq,"438,317 (169,235)","437,367 (168,868)",950 (370),0.2,[aj]
Afghanistan,"40,578,842","41,454,761",+2.16%,Asia,Southern Asia,40,Afghanistan,"652,864 (252,072)","652,230 (251,830)",630 (240),0.1,
Yemen,"38,222,876","39,390,799",+3.06%,Asia,Western Asia,54,Yemen,"455,503 (175,871)","455,503 (175,871)",0,0,[ag]
Canada,"38,821,259","39,299,105",+1.23%,Americas,Northern America,2,Canada,"9,984,670 (3,855,100)","9,093,507 (3,511,021)","891,163 (344,080)",8.9,[d]
Poland,"38,385,739","38,762,844",+0.98%,Europe,Eastern Europe,69,Poland,"312,685 (120,728)","304,255 (117,473)","8,430 (3,260)",3.7,
Morocco,"37,329,064","37,712,505",+1.03%,Africa,Northern Africa,57,Morocco,"446,550 (172,410)","446,300 (172,300)",250 (97),0.1,[ai]
Angola,"35,635,029","36,749,906",+3.13%,Africa,Middle Africa,22,Angola,"1,246,700 (481,350)","1,246,700 (481,350)",0,0,
Uzbekistan,"34,938,955","35,652,307",+2.04%,Asia,Central Asia,56,Uzbekistan,"447,400 (172,700)","425,400 (164,200)","22,000 (8,500)",4.9,
Malaysia,"34,695,493","35,126,298",+1.24%,Asia,South-eastern Asia,67,Malaysia,"330,621 (127,653)","329,432 (127,194)","1,190 (459)",0.4,
Peru,"33,475,438","33,845,617",+1.11%,Americas,South America,19,Peru,"1,285,216 (496,224)","1,279,996 (494,209)","5,220 (2,020)",0.4,
Ghana,"33,149,152","33,787,914",+1.93%,Africa,Western Africa,80,Ghana,"238,537 (92,100)","227,533 (87,851)","11,000 (4,200)",4.6,
Mozambique,"32,656,246","33,635,160",+3.00%,Africa,Eastern Africa,35,Mozambique,"799,380 (308,640)","786,380 (303,620)","13,000 (5,000)",1.6,
Saudi Arabia,"32,175,352","32,264,292",+0.28%,Asia,Western Asia,12,Saudi Arabia,"2,149,690 (830,000)","2,149,690 (830,000)",0,0,[q]
Madagascar,"30,437,261","31,195,932",+2.49%,Africa,Eastern Africa,46,Madagascar,"587,041 (226,658)","581,540 (224,530)","5,501 (2,124)",0.9,
Ivory Coast,"30,395,002","31,165,654",+2.54%,Africa,Western Africa,68,Ivory Coast,"322,462 (124,503)","318,000 (123,000)","4,460 (1,720)",1.4,
Nepal,"29,715,436","29,964,614",+0.84%,Asia,Southern Asia,93,Nepal,"147,181 (56,827)","143,350 (55,348)","3,830 (1,480)",2.6,[ba]
Cameroon,"27,632,771","28,372,687",+2.68%,Africa,Middle Africa,52,Cameroon,"475,650 (183,650)","472,710 (182,510)","2,730 (1,050)",0.6,[q]
Venezuela,"28,213,017","28,300,854",+0.31%,Americas,South America,32,Venezuela,"912,050 (352,140)","882,050 (340,560)","30,000 (10,000)",3.3,[w]
North Korea,"26,329,845","26,418,204",+0.34%,Asia,Eastern Asia,97,North Korea,"120,538 (46,540)","120,410 (46,491)",130 (50),0.1,[bc]
Niger,"25,311,973","26,159,867",+3.35%,Africa,Western Africa,21,Niger,"1,267,000 (489,200)","1,266,700 (489,080)",300 (100),0,
Mali,"23,072,640","23,769,127",+3.02%,Africa,Western Africa,23,Mali,"1,240,192 (478,841)","1,220,190 (471,118)","20,000 (8,000)",1.6,
Syria,"22,462,173","23,594,623",+5.04%,Asia,Western Asia,87,Syria,"185,180 (71,498)","183,630 (70,900)","1,550 (598)",0.8,[aw]
Burkina Faso,"22,509,038","23,025,776",+2.30%,Africa,Western Africa,74,Burkina Faso,"274,200 (105,900)","273,800 (105,700)",400 (200),0.2,[q]
Sri Lanka,"22,834,965","22,971,617",+0.60%,Asia,Southern Asia,120,Sri Lanka,"65,610 (25,330)","61,860 (23,880)","3,750 (1,450)",5.7,
Malawi,"20,568,728","21,104,482",+2.60%,Africa,Eastern Africa,98,Malawi,"118,484 (45,747)","94,080 (36,320)","24,404 (9,422)",20.6,[bd]
Zambia,"20,152,938","20,723,965",+2.83%,Africa,Eastern Africa,38,Zambia,"752,612 (290,585)","743,390 (287,020)","9,220 (3,560)",1.2,
Kazakhstan,"20,034,609","20,330,104",+1.47%,Asia,Central Asia,9,Kazakhstan,"2,724,910 (1,052,090)","2,699,700 (1,042,400)","25,202 (9,731)",0.9,[l]
Chile,"19,553,036","19,658,835",+0.54%,Americas,South America,37,Chile,"756,102 (291,932)","743,812 (287,187)","12,290 (4,745)",1.6,[z]
Chad,"18,455,316","19,319,064",+4.68%,Africa,Middle Africa,20,Chad,"1,284,000 (495,800)","1,259,200 (486,180)","24,800 (9,580)",1.9,[t]
Romania,"19,166,772","19,118,479",−0.25%,Europe,Eastern Europe,81,Romania,"238,398 (92,046)","230,080 (88,834)","8,320 (3,210)",3.5,
Guatemala,"17,847,877","18,124,838",+1.55%,Americas,Central America,105,Guatemala,"108,889 (42,042)","107,160 (41,375)","1,730 (668)",1.6,
Senegal,"17,651,103","18,077,573",+2.42%,Africa,Western Africa,86,Senegal,"196,712 (75,951)","192,530 (74,336)","4,180 (1,610)",2.1,
Ecuador,"17,823,897","17,980,083",+0.88%,Americas,South America,73,Ecuador,"283,561 (109,483)","276,841 (106,889)","6,720 (2,600)",2.4,[aq]
Cambodia,"17,201,724","17,423,880",+1.29%,Asia,South-eastern Asia,88,Cambodia,"181,035 (69,898)","176,520 (68,155)","4,520 (1,750)",2.5,
Zimbabwe,"16,069,056","16,340,822",+1.69%,Africa,Eastern Africa,60,Zimbabwe,"390,757 (150,872)","386,850 (149,360)","3,910 (1,510)",1.0,
Guinea,"14,055,137","14,405,465",+2.49%,Africa,Western Africa,77,Guinea,"245,857 (94,926)","245,717 (94,872)",140 (54),0.1,[q]
Benin,"13,759,501","14,111,034",+2.55%,Africa,Western Africa,100,Benin,"114,763 (44,310)","112,760 (43,537)","2,000 (800)",1.7,
Rwanda,"13,651,030","13,954,471",+2.22%,Africa,Eastern Africa,144,Rwanda,"26,338 (10,169)","24,670 (9,525)","1,670 (645)",6.3,
Burundi,"13,321,097","13,689,450",+2.77%,Africa,Eastern Africa,142,Burundi,"27,834 (10,747)","25,680 (9,915)","2,150 (830)",7.7,
Bolivia,"12,077,154","12,244,159",+1.38%,Americas,South America,27,Bolivia,"1,098,581 (424,164)","1,083,300 (418,260)","15,280 (5,900)",1.4,
Tunisia,"12,119,334","12,200,431",+0.67%,Africa,Northern Africa,91,Tunisia,"163,610 (63,170)","155,360 (59,985)","8,250 (3,190)",5.0,
Belgium,"11,641,820","11,712,893",+0.61%,Europe,Western Europe,136,Belgium,"30,528 (11,787)","30,280 (11,690)",250 (97),0.8,
Haiti,"11,503,606","11,637,398",+1.16%,Americas,Caribbean,143,Haiti,"27,750 (10,710)","27,560 (10,640)",190 (73),0.7,
South Sudan,"11,021,177","11,483,374",+4.19%,Africa,Eastern Africa,41,South Sudan,"644,329 (248,777)",,,,[aa]
Jordan,"11,256,263","11,439,213",+1.63%,Asia,Western Asia,110,Jordan,"89,318 (34,486)","88,794 (34,284)",524 (202),0.6,
Dominican Republic,"11,230,734","11,331,265",+0.90%,Americas,Caribbean,128,Dominican Republic,"48,670 (18,790)","48,320 (18,660)",350 (140),0.7,
Cuba,"11,059,820","11,019,931",−0.36%,Americas,Caribbean,104,Cuba,"109,884 (42,426)","103,800 (40,080)","6,080 (2,350)",5.5,[bg]
Honduras,"10,463,872","10,644,851",+1.73%,Americas,Central America,101,Honduras,"112,492 (43,433)","111,890 (43,201)",600 (200),0.5,
United Arab Emirates,"10,242,086","10,642,081",+3.91%,Asia,Western Asia,114,United Arab Emirates,"83,600 (32,300)","82,880 (32,000)",720 (280),0.9,[bk]
Sweden,"10,487,338","10,551,494",+0.61%,Europe,Northern Europe,55,Sweden,"450,295 (173,860)","407,284 (157,253)","40,142 (15,499)",9.0,[ah]
Tajikistan,"10,182,222","10,389,799",+2.04%,Asia,Central Asia,94,Tajikistan,"144,100 (55,640)","141,510 (54,637)","2,590 (1,000)",1.8,
Papua New Guinea,"10,203,169","10,389,635",+1.83%,Oceania,Melanesia,53,Papua New Guinea,"462,840 (178,700)","452,860 (174,850)","9,980 (3,850)",2.2,
Azerbaijan,"10,295,304","10,318,207",+0.22%,Asia,Western Asia,112,Azerbaijan,"86,600 (33,400)","82,650 (31,910)","3,950 (1,530)",4.6,[bj]
Greece,"10,412,480","10,242,908",−1.63%,Europe,Southern Europe,95,Greece,"131,957 (50,949)","128,900 (49,770)","1,310 (506)",2.3,
Hungary,"9,964,306","9,686,463",−2.79%,Europe,Eastern Europe,108,Hungary,"93,025 (35,917)","91,260 (35,240)","1,770 (683)",1.9,
Togo,"9,089,738","9,304,337",+2.36%,Africa,Western Africa,123,Togo,"56,785 (21,925)","54,390 (21,000)","2,400 (930)",4.2,
Israel,"9,103,151","9,256,314",+1.68%,Asia,Western Asia,148,Israel,"21,937 (8,470)","21,497 (8,300)",440 (170),2.1,[bs]
Austria,"9,064,677","9,130,429",+0.73%,Europe,Western Europe,113,Austria,"83,878 (32,385)","82,520 (31,860)","1,359 (525)",1.6,
Belarus,"9,173,237","9,115,680",−0.63%,Europe,Eastern Europe,84,Belarus,"207,600 (80,160)","202,900 (78,340)","4,700 (1,800)",2.3,[av]
Switzerland,"8,792,182","8,870,561",+0.89%,Europe,Western Europe,132,Switzerland,"41,291 (15,943)","39,510 (15,260)","1,781 (688)",4.3,
Sierra Leone,"8,276,807","8,460,512",+2.22%,Africa,Western Africa,117,Sierra Leone,"72,300 (27,900)","72,180 (27,870)",120 (46),0.2,
Laos,"7,559,007","7,664,993",+1.40%,Asia,South-eastern Asia,82,Laos,"236,800 (91,430)","230,800 (89,110)","6,000 (2,000)",2.5,[au]
Turkmenistan,"7,230,193","7,364,438",+1.86%,Asia,Central Asia,51,Turkmenistan,"488,100 (188,500)","469,930 (181,440)","18,170 (7,015)",3.7,
Libya,"7,223,805","7,305,659",+1.13%,Africa,Northern Africa,16,Libya,"1,759,540 (679,362)","1,759,540 (679,362)",0,0,[q]
Kyrgyzstan,"6,955,788","7,073,516",+1.69%,Asia,Central Asia,85,Kyrgyzstan,"199,949 (77,201)","191,800 (74,050)","8,150 (3,150)",4.1,
Paraguay,"6,760,464","6,844,146",+1.24%,Americas,South America,59,Paraguay,"406,752 (157,048)","397,300 (153,400)","9,452 (3,649)",2.3,
Nicaragua,"6,730,654","6,823,613",+1.38%,Americas,Central America,96,Nicaragua,"130,373 (50,337)","120,340 (46,464)","10,030 (3,873)",7.7,[bb]
Bulgaria,"6,825,864","6,795,803",−0.44%,Europe,Eastern Europe,103,Bulgaria,"110,879 (42,811)","108,489 (41,888)","2,390 (923)",2.2,[bf]
El Salvador,"6,280,319","6,309,624",+0.47%,Americas,Central America,149,El Salvador,"21,041 (8,124)","20,720 (8,000)",320 (120),1.5,[bt]
Denmark,"5,902,904","5,948,136",+0.77%,Europe,Northern Europe,130,Denmark,"42,947 (16,582)","42,434 (16,384)",660 (260),1.5,[bo]
Singapore,"5,649,885","5,789,090",+2.46%,Asia,South-eastern Asia,176,Singapore,736 (284),726 (280),10 (4),1.4,[ci]
Lebanon,"5,744,489","5,733,493",−0.19%,Asia,Western Asia,161,Lebanon,"10,452 (4,036)","10,230 (3,950)",220 (85),2.1,
Slovakia,"5,473,197","5,518,055",+0.82%,Europe,Eastern Europe,127,Slovakia,"49,035 (18,933)","48,080 (18,560)",950 (370),1.9,
Liberia,"5,373,294","5,493,031",+2.23%,Africa,Western Africa,102,Liberia,"111,369 (43,000)","96,320 (37,190)","15,049 (5,810)",13.5,[q]
Ireland,"5,110,016","5,196,630",+1.69%,Europe,Northern Europe,118,Ireland,"70,273 (27,133)","68,883 (26,596)","1,390 (537)",2.0,[bl]
New Zealand,"5,131,734","5,172,836",+0.80%,Oceania,Australia and New Zealand,75,New Zealand,"268,838 (103,799)","264,537 (102,138)","4,301 (1,661)",1.6,[ar]
Central African Republic,"5,098,039","5,152,421",+1.07%,Africa,Middle Africa,44,Central African Republic,"622,984 (240,535)","622,984 (240,535)",0,0,
Costa Rica,"5,081,765","5,105,525",+0.47%,Americas,Central America,126,Costa Rica,"51,100 (19,700)","51,060 (19,710)",40 (20),0.1,
Oman,"4,730,226","5,049,269",+6.74%,Asia,Western Asia,70,Oman,"309,500 (119,500)","309,500 (119,500)",0,0,[q]
Mauritania,"4,875,637","5,022,441",+3.01%,Africa,Western Africa,28,Mauritania,"1,030,700 (397,960)","1,030,700 (397,960)",0 (0),0,
Kuwait,"4,589,511","4,838,782",+5.43%,Asia,Western Asia,152,Kuwait,"17,818 (6,880)","17,818 (6,880)",0,0,
Panama,"4,400,773","4,458,759",+1.32%,Americas,Central America,116,Panama,"75,320 (29,080)","74,180 (28,640)","1,143 (441)",1.5,
Croatia,"3,907,027","3,896,023",−0.28%,Europe,Southern Europe,124,Croatia,"56,594 (21,851)","55,974 (21,612)",620 (240),1.1,[q]
Eritrea,"3,409,447","3,470,390",+1.79%,Africa,Eastern Africa,99,Eritrea,"117,600 (45,410)","101,000 (39,000)","16,600 (6,410)",14.1,[be]
Mongolia,"3,386,015","3,431,932",+1.36%,Asia,Eastern Asia,18,Mongolia,"1,564,116 (603,908)","1,557,507 (601,357)","6,609 (2,552)",0.4,
Uruguay,"3,390,913","3,388,081",−0.08%,Americas,South America,89,Uruguay,"176,215 (68,037)","175,015 (67,574)","1,200 (460)",0.7,
Bosnia and Herzegovina,"3,204,802","3,185,073",−0.62%,Europe,Southern Europe,125,Bosnia and Herzegovina,"51,209 (19,772)","51,200 (19,800)",10 (4),0.0,
Qatar,"2,892,455","2,979,082",+2.99%,Asia,Western Asia,158,Qatar,"11,586 (4,473)","11,586 (4,473)",0,0,[q]
Namibia,"2,889,662","2,963,095",+2.54%,Africa,Southern Africa,34,Namibia,"824,292 (318,261)","823,290 (317,870)","1,002 (387)",0.1,[q]
Armenia,"2,880,874","2,943,393",+2.17%,Asia,Western Asia,138,Armenia,"29,743 (11,484)","28,470 (10,990)","1,270 (490)",4.3,
Lithuania,"2,816,919","2,854,099",+1.32%,Europe,Northern Europe,121,Lithuania,"65,286 (25,207)","62,610 (24,170)","2,680 (1,040)",4.1,
Jamaica,"2,839,144","2,839,786",+0.02%,Americas,Caribbean,160,Jamaica,"10,991 (4,244)","10,830 (4,181)",160 (62),1.5,
Albania,"2,827,608","2,811,655",−0.56%,Europe,Southern Europe,140,Albania,"28,748 (11,100)","27,400 (10,600)",330 (130),1.1,
Gambia,"2,636,470","2,697,845",+2.33%,Africa,Western Africa,159,Gambia,"11,295 (4,361)","10,120 (3,907)","1,180 (456)",10.4,[bu]
Gabon,"2,430,747","2,484,789",+2.22%,Africa,Middle Africa,76,Gabon,"267,668 (103,347)","257,670 (99,487)","10,000 (4,000)",3.7,
Botswana,"2,439,892","2,480,244",+1.65%,Africa,Southern Africa,47,Botswana,"582,000 (225,000)","566,730 (218,820)","15,000 (5,800)",2.6,[q]
Lesotho,"2,286,110","2,311,472",+1.11%,Africa,Southern Africa,137,Lesotho,"30,355 (11,720)","30,355 (11,720)",0,0,
Guinea-Bissau,"2,105,529","2,153,339",+2.27%,Africa,Western Africa,134,Guinea-Bissau,"36,125 (13,948)","28,120 (10,860)","8,010 (3,090)",22.2,
Slovenia,"2,115,228","2,118,396",+0.15%,Europe,Southern Europe,150,Slovenia,"20,273 (7,827)","20,151 (7,780)",122 (47),0.6,[q]
Latvia,"1,881,063","1,882,396",+0.07%,Europe,Northern Europe,122,Latvia,"64,594 (24,940)","62,230 (24,030)","2,370 (915)",3.7,
Equatorial Guinea,"1,803,545","1,847,549",+2.44%,Africa,Middle Africa,141,Equatorial Guinea,"28,051 (10,831)","28,051 (10,831)",0,0,
North Macedonia,"1,840,233","1,831,802",−0.46%,Europe,Southern Europe,145,North Macedonia,"25,713 (9,928)","25,220 (9,737)",490 (190),1.9,
Bahrain,"1,533,459","1,569,666",+2.36%,Asia,Western Asia,173,Bahrain,778 (300),778 (300),0,0,[ch]
Trinidad and Tobago,"1,495,921","1,502,932",+0.47%,Americas,Caribbean,165,Trinidad and Tobago,"5,127 (1,980)","5,127 (1,980)",0,0,
Estonia,"1,350,091","1,367,196",+1.27%,Europe,Northern Europe,129,Estonia,"45,339 (17,505)","42,388 (16,366)","2,840 (1,100)",6.3,
Mauritius,"1,276,130","1,273,588",−0.20%,Africa,Eastern Africa,169,Mauritius,"2,040 (788)","2,030 (784)",10 (4),0.5,[cc]
Eswatini,"1,218,917","1,230,506",+0.95%,Africa,Southern Africa,153,Eswatini,"17,363 (6,704)","17,200 (6,640)",160 (62),0.9,
Djibouti,"1,137,096","1,152,944",+1.39%,Africa,Eastern Africa,146,Djibouti,"23,200 (8,960)","23,180 (8,950)",20 (8),0.1,[q]
Fiji,"919,422","924,145",+0.51%,Oceania,Melanesia,151,Fiji,"18,272 (7,055)","18,272 (7,055)",0,0,
Comoros,"834,188","850,387",+1.94%,Africa,Eastern Africa,170,Comoros,"1,861 (719)","1,861 (719)",0,0,[cd]
Guyana,"821,637","826,353",+0.57%,Americas,South America,83,Guyana,"214,969 (83,000)","196,850 (76,004)","18,120 (6,996)",8.4,
Solomon Islands,"781,066","800,005",+2.42%,Oceania,Melanesia,139,Solomon Islands,"28,896 (11,157)","27,990 (10,810)",910 (350),3.1,
Bhutan,"780,914","786,385",+0.70%,Asia,Southern Asia,133,Bhutan,"38,394 (14,824)","38,140 (14,730)",250 (97),0.7,
Luxembourg,"653,313","665,098",+1.80%,Europe,Western Europe,168,Luxembourg,"2,586 (998)","2,574 (994)",16 (6),0.6,
Montenegro,"614,648","633,552",+3.08%,Europe,Southern Europe,156,Montenegro,"13,812 (5,333)","13,452 (5,194)",360 (140),2.6,
Suriname,"623,164","628,886",+0.92%,Americas,South America,90,Suriname,"163,820 (63,251)","156,000 (60,200)","7,820 (3,020)",4.8,[ay]
Malta,"528,192","532,956",+0.90%,Europe,Southern Europe,186,Malta,315 (122),315 (122),0,0,[cn]
Maldives,"524,106","525,994",+0.36%,Asia,Southern Asia,187,Maldives,300 (116),300 (116),0,0,[co]
Cape Verde,"519,741","522,331",+0.50%,Africa,Western Africa,166,Cape Verde,"4,033 (1,557)","4,033 (1,557)",0,0,
Brunei,"455,370","458,949",+0.79%,Asia,South-eastern Asia,164,Brunei,"5,765 (2,226)","5,270 (2,040)",500 (200),8.7,
Belize,"402,733","411,106",+2.08%,Americas,Central America,147,Belize,"22,965 (8,867)","22,810 (8,807)",160 (62),0.7,
Bahamas,"397,538","399,440",+0.48%,Americas,Caribbean,155,Bahamas,"13,880 (5,359)","10,010 (3,865)","3,870 (1,490)",27.8,
Iceland,"380,356","387,558",+1.89%,Europe,Northern Europe,106,Iceland,"103,000 (39,800)","100,830 (38,931)","2,170 (838)",2.1,
Vanuatu,"313,046","320,409",+2.35%,Oceania,Melanesia,157,Vanuatu,"12,189 (4,706)","12,189 (4,706)",0,0,
New Caledonia (France),"287,123","289,870",+0.96%,Oceania,Melanesia,–,New Caledonia (France),"18,575 (7,172)","18,275 (7,056)",300 (100),1.6,[q]
Barbados,"288,318","282,336",−2.07%,Americas,Caribbean,183,Barbados,431 (166),431 (166),0,0,
French Polynesia (France),"280,378","281,118",+0.26%,Oceania,Polynesia,–,French Polynesia (France),"4,167 (1,609)","3,827 (1,478)",340 (130),8.2,[q]
São Tomé and Príncipe,"226,305","230,871",+2.02%,Africa,Middle Africa,171,São Tomé and Príncipe,964 (372),964 (372),0,0,
Samoa,"215,261","216,663",+0.65%,Oceania,Polynesia,167,Samoa,"2,842 (1,097)","2,780 (1,070)",10 (4),0.4,
Curaçao (Netherlands),"185,345","185,427",+0.04%,Americas,Caribbean,–,Curaçao (Netherlands),444 (171),444 (171),0,0,[cl]
Saint Lucia,"178,781","179,285",+0.28%,Americas,Caribbean,178,Saint Lucia,616 (238),610 (240),10 (4),1.6,
Kiribati,"130,469","132,530",+1.58%,Oceania,Micronesia,172,Kiribati,811 (313),811 (313),0,0,[cg]
Seychelles,"125,522","127,951",+1.94%,Africa,Eastern Africa,181,Seychelles,457 (176),457 (176),0,0,[ck]
Grenada,"116,913","117,081",+0.14%,Americas,Caribbean,185,Grenada,345 (133),340 (130),0,0,
Micronesia,"112,114","112,630",+0.46%,Oceania,Micronesia,177,Micronesia,702 (271),700 (270),0,0,
Tonga,"105,042","104,597",−0.42%,Oceania,Polynesia,175,Tonga,747 (288),720 (280),30 (10),4.0,
Aruba (Netherlands),"107,782","107,939",+0.15%,Americas,Caribbean,–,Aruba (Netherlands),180 (69),180 (69),0,0,[cl]
Saint Vincent and the Grenadines,"102,046","101,323",−0.71%,Americas,Caribbean,184,Saint Vincent and the Grenadines,389 (150),389 (150),0,0,
Antigua and Barbuda,"92,840","93,316",+0.51%,Americas,Caribbean,182,Antigua and Barbuda,442 (171),442 (171),0,0,
Andorra,"79,705","80,856",+1.44%,Europe,Southern Europe,179,Andorra,468 (181),468 (181),0,0,[cj]
Dominica,"66,826","66,510",−0.47%,Americas,Caribbean,174,Dominica,750 (290),750 (290),0,0,
Greenland (Denmark),"54,990","55,922",+1.69%,Americas,Northern America,–,Greenland (Denmark),"2,166,086 (836,330)","2,166,086 (836,330)",0,0,[p]
Faroe Islands (Denmark),"54,011","54,714",+1.30%,Europe,Northern Europe,–,Faroe Islands (Denmark),"1,393 (538)","1,393 (538)",0,0,[q]
Saint Kitts and Nevis,"46,709","46,758",+0.10%,Americas,Caribbean,188,Saint Kitts and Nevis,261 (101),261 (101),0,0,[cp]
Sint Maarten (Netherlands),"42,139","42,749",+1.45%,Americas,Caribbean,–,Sint Maarten (Netherlands),34 (13),34 (13),0,0,[cl]
Liechtenstein,"39,317","39,598",+0.71%,Europe,Western Europe,190,Liechtenstein,160 (62),160 (62),0,0,[cu]
Monaco,"38,931","38,956",+0.06%,Europe,Western Europe,194,Monaco,2.0 (0.77),2.0 (0.77),0,0,[dc]
Marshall Islands,"40,077","38,827",−3.12%,Oceania,Micronesia,189,Marshall Islands,181 (70),180 (69),0,0,
San Marino,"34,090","33,733",−1.05%,Europe,Southern Europe,191,San Marino,61 (24),61 (24),0,0,[cv]
Saint Martin (France),"28,870","27,515",−4.69%,Americas,Caribbean,–,Saint Martin (France),53 (20),53 (20),0,0,
Palau,"17,759","17,727",−0.18%,Oceania,Micronesia,180,Palau,459 (177),459 (177),0,0,
Nauru,"11,801","11,875",+0.63%,Oceania,Micronesia,193,Nauru,21 (8),20 (8),0,0,[cy]
Wallis and Futuna (France),"11,478","11,370",−0.94%,Oceania,Polynesia,–,Wallis and Futuna (France),142 (55),142 (55),0,0,
Saint Barthélemy (France),"10,920","11,085",+1.51%,Americas,Caribbean,–,Saint Barthélemy (France),22 (8),20 (8),0,0,
Tuvalu,"9,992","9,816",−1.76%,Oceania,Polynesia,192,Tuvalu,26 (10),26 (10),0,0,
Saint Pierre and Miquelon (France),"5,732","5,681",−0.89%,Americas,Northern America,–,Saint Pierre and Miquelon (France),242 (93),230 (89),10 (4),4.2,
Tokelau (New Zealand),"2,290","2,397",+4.67%,Oceania,Polynesia,–,Tokelau (New Zealand),12 (5),12 (5),0,0,
